INSERT INTO Students (id, name, roll_number, rfid_uid, password, photo_url, parent_phone_number) VALUES (101, 'Sachin Tendulkar', 'A001', '0001295687', '123', 'A001.jpeg', '+917676885069');
INSERT INTO Students (id, name, roll_number, rfid_uid, password, photo_url, parent_phone_number) VALUES (102, 'MS Dhoni', 'A002', '0001310877', '456', 'A002.jpeg', NULL);
INSERT INTO Students (id, name, roll_number, rfid_uid, password, photo_url, parent_phone_number) VALUES (103, 'Virat Kohli', 'A003', '0001337813', '789', 'A003.jpeg', NULL);
INSERT INTO Students (id, name, roll_number, rfid_uid, password, photo_url, parent_phone_number) VALUES (104, 'Rahul Dravid', 'A004', '0001339120', '012', 'A004.jpeg', NULL);
INSERT INTO Students (id, name, roll_number, rfid_uid, password, photo_url, parent_phone_number) VALUES (105, 'Rohit Sharma', 'A005', '0001342005', '345', 'A005.jpeg', NULL);
INSERT INTO Students (id, name, roll_number, rfid_uid, password, photo_url, parent_phone_number) VALUES (106, 'KL Rahul', 'A006', '0001602455', '678', 'A006.jpeg', NULL);
INSERT INTO Teachers (id, name, username, password) VALUES (1, 'Mithali Raj', 'Teacher08', '1234');
INSERT INTO AttendanceRecords (id, student_id, timestamp) VALUES (7, 101, '2025-09-14 09:00:00');
INSERT INTO AttendanceRecords (id, student_id, timestamp) VALUES (8, 102, '2025-09-14 09:00:00');
INSERT INTO AttendanceRecords (id, student_id, timestamp) VALUES (9, 104, '2025-09-14 09:00:00');
INSERT INTO AttendanceRecords (id, student_id, timestamp) VALUES (10, 105, '2025-09-14 09:00:00');
INSERT INTO AttendanceRecords (id, student_id, timestamp) VALUES (11, 101, '2025-09-12 09:00:00');
INSERT INTO AttendanceRecords (id, student_id, timestamp) VALUES (12, 102, '2025-09-12 09:00:00');
INSERT INTO AttendanceRecords (id, student_id, timestamp) VALUES (13, 103, '2025-09-12 09:00:00');
INSERT INTO AttendanceRecords (id, student_id, timestamp) VALUES (14, 104, '2025-09-12 09:00:00');
INSERT INTO AttendanceRecords (id, student_id, timestamp) VALUES (16, 106, '2025-09-12 09:00:00');
INSERT INTO AttendanceRecords (id, student_id, timestamp) VALUES (17, 102, '2025-09-11 09:00:00');
INSERT INTO AttendanceRecords (id, student_id, timestamp) VALUES (18, 103, '2025-09-11 09:00:00');
INSERT INTO AttendanceRecords (id, student_id, timestamp) VALUES (19, 105, '2025-09-11 09:00:00');
INSERT INTO AttendanceRecords (id, student_id, timestamp) VALUES (20, 106, '2025-09-11 09:00:00');
INSERT INTO AttendanceRecords (id, student_id, timestamp) VALUES (21, 102, '2025-09-10 09:00:00');
INSERT INTO AttendanceRecords (id, student_id, timestamp) VALUES (22, 103, '2025-09-10 09:00:00');
INSERT INTO AttendanceRecords (id, student_id, timestamp) VALUES (23, 104, '2025-09-10 09:00:00');
INSERT INTO AttendanceRecords (id, student_id, timestamp) VALUES (24, 105, '2025-09-10 09:00:00');
INSERT INTO AttendanceRecords (id, student_id, timestamp) VALUES (25, 106, '2025-09-10 09:00:00');
INSERT INTO AttendanceRecords (id, student_id, timestamp) VALUES (27, 102, '2025-09-09 09:00:00');
INSERT INTO AttendanceRecords (id, student_id, timestamp) VALUES (28, 103, '2025-09-09 09:00:00');
INSERT INTO AttendanceRecords (id, student_id, timestamp) VALUES (29, 104, '2025-09-09 09:00:00');
INSERT INTO AttendanceRecords (id, student_id, timestamp) VALUES (30, 105, '2025-09-09 09:00:00');
INSERT INTO AttendanceRecords (id, student_id, timestamp) VALUES (31, 106, '2025-09-09 09:00:00');
INSERT INTO AttendanceRecords (id, student_id, timestamp) VALUES (32, 102, '2025-09-08 09:00:00');
INSERT INTO AttendanceRecords (id, student_id, timestamp) VALUES (33, 103, '2025-09-08 09:00:00');
INSERT INTO AttendanceRecords (id, student_id, timestamp) VALUES (34, 104, '2025-09-08 09:00:00');
INSERT INTO AttendanceRecords (id, student_id, timestamp) VALUES (35, 105, '2025-09-08 09:00:00');
INSERT INTO AttendanceRecords (id, student_id, timestamp) VALUES (36, 106, '2025-09-08 09:00:00');
INSERT INTO AttendanceRecords (id, student_id, timestamp) VALUES (37, 102, '2025-09-07 09:00:00');
INSERT INTO AttendanceRecords (id, student_id, timestamp) VALUES (38, 103, '2025-09-07 09:00:00');
INSERT INTO AttendanceRecords (id, student_id, timestamp) VALUES (39, 104, '2025-09-07 09:00:00');
INSERT INTO AttendanceRecords (id, student_id, timestamp) VALUES (40, 105, '2025-09-07 09:00:00');
INSERT INTO AttendanceRecords (id, student_id, timestamp) VALUES (41, 106, '2025-09-07 09:00:00');
INSERT INTO AttendanceRecords (id, student_id, timestamp) VALUES (42, 101, '2025-09-05 09:00:00');
INSERT INTO AttendanceRecords (id, student_id, timestamp) VALUES (43, 103, '2025-09-05 09:00:00');
INSERT INTO AttendanceRecords (id, student_id, timestamp) VALUES (44, 106, '2025-09-05 09:00:00');
INSERT INTO AttendanceRecords (id, student_id, timestamp) VALUES (45, 101, '2025-09-03 09:00:00');
INSERT INTO AttendanceRecords (id, student_id, timestamp) VALUES (46, 102, '2025-09-03 09:00:00');
INSERT INTO AttendanceRecords (id, student_id, timestamp) VALUES (47, 103, '2025-09-03 09:00:00');
INSERT INTO AttendanceRecords (id, student_id, timestamp) VALUES (48, 104, '2025-09-03 09:00:00');
INSERT INTO AttendanceRecords (id, student_id, timestamp) VALUES (49, 106, '2025-09-03 09:00:00');
INSERT INTO AttendanceRecords (id, student_id, timestamp) VALUES (50, 101, '2025-09-02 09:00:00');
INSERT INTO AttendanceRecords (id, student_id, timestamp) VALUES (51, 102, '2025-09-02 09:00:00');
INSERT INTO AttendanceRecords (id, student_id, timestamp) VALUES (52, 104, '2025-09-02 09:00:00');
INSERT INTO AttendanceRecords (id, student_id, timestamp) VALUES (53, 105, '2025-09-02 09:00:00');
INSERT INTO AttendanceRecords (id, student_id, timestamp) VALUES (54, 106, '2025-09-02 09:00:00');
INSERT INTO AttendanceRecords (id, student_id, timestamp) VALUES (55, 101, '2025-09-01 09:00:00');
INSERT INTO AttendanceRecords (id, student_id, timestamp) VALUES (56, 102, '2025-09-01 09:00:00');
INSERT INTO AttendanceRecords (id, student_id, timestamp) VALUES (57, 103, '2025-09-01 09:00:00');
INSERT INTO AttendanceRecords (id, student_id, timestamp) VALUES (58, 106, '2025-09-01 09:00:00');
INSERT INTO AttendanceRecords (id, student_id, timestamp) VALUES (59, 101, '2025-08-31 09:00:00');
INSERT INTO AttendanceRecords (id, student_id, timestamp) VALUES (60, 102, '2025-08-31 09:00:00');
INSERT INTO AttendanceRecords (id, student_id, timestamp) VALUES (61, 103, '2025-08-31 09:00:00');
INSERT INTO AttendanceRecords (id, student_id, timestamp) VALUES (62, 104, '2025-08-31 09:00:00');
INSERT INTO AttendanceRecords (id, student_id, timestamp) VALUES (63, 105, '2025-08-31 09:00:00');
INSERT INTO AttendanceRecords (id, student_id, timestamp) VALUES (64, 106, '2025-08-31 09:00:00');
INSERT INTO AttendanceRecords (id, student_id, timestamp) VALUES (66, 102, '2025-08-30 09:00:00');
INSERT INTO AttendanceRecords (id, student_id, timestamp) VALUES (67, 103, '2025-08-30 09:00:00');
INSERT INTO AttendanceRecords (id, student_id, timestamp) VALUES (68, 104, '2025-08-30 09:00:00');
INSERT INTO AttendanceRecords (id, student_id, timestamp) VALUES (69, 105, '2025-08-30 09:00:00');
INSERT INTO AttendanceRecords (id, student_id, timestamp) VALUES (70, 106, '2025-08-30 09:00:00');
INSERT INTO AttendanceRecords (id, student_id, timestamp) VALUES (71, 101, '2025-08-30 09:00:00');
INSERT INTO AttendanceRecords (id, student_id, timestamp) VALUES (72, 101, '2025-08-29 09:00:00');
INSERT INTO AttendanceRecords (id, student_id, timestamp) VALUES (73, 102, '2025-08-29 09:00:00');
INSERT INTO AttendanceRecords (id, student_id, timestamp) VALUES (74, 103, '2025-08-29 09:00:00');
INSERT INTO AttendanceRecords (id, student_id, timestamp) VALUES (75, 104, '2025-08-29 09:00:00');
INSERT INTO AttendanceRecords (id, student_id, timestamp) VALUES (76, 105, '2025-08-29 09:00:00');
INSERT INTO AttendanceRecords (id, student_id, timestamp) VALUES (77, 106, '2025-08-29 09:00:00');
INSERT INTO AttendanceRecords (id, student_id, timestamp) VALUES (78, 101, '2025-08-28 09:00:00');
INSERT INTO AttendanceRecords (id, student_id, timestamp) VALUES (79, 102, '2025-08-28 09:00:00');
INSERT INTO AttendanceRecords (id, student_id, timestamp) VALUES (80, 103, '2025-08-28 09:00:00');
INSERT INTO AttendanceRecords (id, student_id, timestamp) VALUES (81, 104, '2025-08-28 09:00:00');
INSERT INTO AttendanceRecords (id, student_id, timestamp) VALUES (82, 105, '2025-08-28 09:00:00');
INSERT INTO AttendanceRecords (id, student_id, timestamp) VALUES (83, 106, '2025-08-28 09:00:00');
INSERT INTO AttendanceRecords (id, student_id, timestamp) VALUES (84, 101, '2025-08-27 09:00:00');
INSERT INTO AttendanceRecords (id, student_id, timestamp) VALUES (85, 102, '2025-08-27 09:00:00');
INSERT INTO AttendanceRecords (id, student_id, timestamp) VALUES (86, 103, '2025-08-27 09:00:00');
INSERT INTO AttendanceRecords (id, student_id, timestamp) VALUES (87, 104, '2025-08-27 09:00:00');
INSERT INTO AttendanceRecords (id, student_id, timestamp) VALUES (88, 105, '2025-08-27 09:00:00');
INSERT INTO AttendanceRecords (id, student_id, timestamp) VALUES (89, 106, '2025-08-27 09:00:00');
INSERT INTO AttendanceRecords (id, student_id, timestamp) VALUES (90, 101, '2025-08-26 09:00:00');
INSERT INTO AttendanceRecords (id, student_id, timestamp) VALUES (91, 102, '2025-08-26 09:00:00');
INSERT INTO AttendanceRecords (id, student_id, timestamp) VALUES (92, 103, '2025-08-26 09:00:00');
INSERT INTO AttendanceRecords (id, student_id, timestamp) VALUES (93, 104, '2025-08-26 09:00:00');
INSERT INTO AttendanceRecords (id, student_id, timestamp) VALUES (94, 105, '2025-08-26 09:00:00');
INSERT INTO AttendanceRecords (id, student_id, timestamp) VALUES (95, 106, '2025-08-26 09:00:00');
INSERT INTO AttendanceRecords (id, student_id, timestamp) VALUES (96, 101, '2025-08-25 09:00:00');
INSERT INTO AttendanceRecords (id, student_id, timestamp) VALUES (97, 102, '2025-08-25 09:00:00');
INSERT INTO AttendanceRecords (id, student_id, timestamp) VALUES (98, 103, '2025-08-25 09:00:00');
INSERT INTO AttendanceRecords (id, student_id, timestamp) VALUES (99, 104, '2025-08-25 09:00:00');
INSERT INTO AttendanceRecords (id, student_id, timestamp) VALUES (100, 105, '2025-08-25 09:00:00');
INSERT INTO AttendanceRecords (id, student_id, timestamp) VALUES (101, 106, '2025-08-25 09:00:00');
INSERT INTO AttendanceRecords (id, student_id, timestamp) VALUES (102, 101, '2025-08-24 09:00:00');
INSERT INTO AttendanceRecords (id, student_id, timestamp) VALUES (103, 102, '2025-08-24 09:00:00');
INSERT INTO AttendanceRecords (id, student_id, timestamp) VALUES (104, 103, '2025-08-24 09:00:00');
INSERT INTO AttendanceRecords (id, student_id, timestamp) VALUES (105, 104, '2025-08-24 09:00:00');
INSERT INTO AttendanceRecords (id, student_id, timestamp) VALUES (106, 105, '2025-08-24 09:00:00');
INSERT INTO AttendanceRecords (id, student_id, timestamp) VALUES (107, 106, '2025-08-24 09:00:00');
INSERT INTO AttendanceRecords (id, student_id, timestamp) VALUES (108, 101, '2025-08-22 09:00:00');
INSERT INTO AttendanceRecords (id, student_id, timestamp) VALUES (109, 102, '2025-08-22 09:00:00');
INSERT INTO AttendanceRecords (id, student_id, timestamp) VALUES (110, 103, '2025-08-22 09:00:00');
INSERT INTO AttendanceRecords (id, student_id, timestamp) VALUES (111, 104, '2025-08-22 09:00:00');
INSERT INTO AttendanceRecords (id, student_id, timestamp) VALUES (112, 105, '2025-08-22 09:00:00');
INSERT INTO AttendanceRecords (id, student_id, timestamp) VALUES (113, 106, '2025-08-22 09:00:00');
INSERT INTO AttendanceRecords (id, student_id, timestamp) VALUES (114, 101, '2025-08-21 09:00:00');
INSERT INTO AttendanceRecords (id, student_id, timestamp) VALUES (115, 102, '2025-08-21 09:00:00');
INSERT INTO AttendanceRecords (id, student_id, timestamp) VALUES (116, 103, '2025-08-21 09:00:00');
INSERT INTO AttendanceRecords (id, student_id, timestamp) VALUES (117, 104, '2025-08-21 09:00:00');
INSERT INTO AttendanceRecords (id, student_id, timestamp) VALUES (118, 105, '2025-08-21 09:00:00');
INSERT INTO AttendanceRecords (id, student_id, timestamp) VALUES (119, 106, '2025-08-21 09:00:00');
INSERT INTO AttendanceRecords (id, student_id, timestamp) VALUES (120, 101, '2025-08-20 09:00:00');
INSERT INTO AttendanceRecords (id, student_id, timestamp) VALUES (121, 102, '2025-08-20 09:00:00');
INSERT INTO AttendanceRecords (id, student_id, timestamp) VALUES (122, 103, '2025-08-20 09:00:00');
INSERT INTO AttendanceRecords (id, student_id, timestamp) VALUES (123, 104, '2025-08-20 09:00:00');
INSERT INTO AttendanceRecords (id, student_id, timestamp) VALUES (124, 105, '2025-08-20 09:00:00');
INSERT INTO AttendanceRecords (id, student_id, timestamp) VALUES (125, 106, '2025-08-20 09:00:00');
INSERT INTO AttendanceRecords (id, student_id, timestamp) VALUES (126, 101, '2025-08-19 09:00:00');
INSERT INTO AttendanceRecords (id, student_id, timestamp) VALUES (127, 102, '2025-08-19 09:00:00');
INSERT INTO AttendanceRecords (id, student_id, timestamp) VALUES (128, 103, '2025-08-19 09:00:00');
INSERT INTO AttendanceRecords (id, student_id, timestamp) VALUES (129, 104, '2025-08-19 09:00:00');
INSERT INTO AttendanceRecords (id, student_id, timestamp) VALUES (130, 105, '2025-08-19 09:00:00');
INSERT INTO AttendanceRecords (id, student_id, timestamp) VALUES (131, 106, '2025-08-19 09:00:00');
INSERT INTO AttendanceRecords (id, student_id, timestamp) VALUES (132, 101, '2025-08-18 09:00:00');
INSERT INTO AttendanceRecords (id, student_id, timestamp) VALUES (133, 102, '2025-08-18 09:00:00');
INSERT INTO AttendanceRecords (id, student_id, timestamp) VALUES (134, 103, '2025-08-18 09:00:00');
INSERT INTO AttendanceRecords (id, student_id, timestamp) VALUES (135, 104, '2025-08-18 09:00:00');
INSERT INTO AttendanceRecords (id, student_id, timestamp) VALUES (136, 105, '2025-08-18 09:00:00');
INSERT INTO AttendanceRecords (id, student_id, timestamp) VALUES (137, 106, '2025-08-18 09:00:00');
INSERT INTO AttendanceRecords (id, student_id, timestamp) VALUES (138, 101, '2025-08-17 09:00:00');
INSERT INTO AttendanceRecords (id, student_id, timestamp) VALUES (139, 102, '2025-08-17 09:00:00');
INSERT INTO AttendanceRecords (id, student_id, timestamp) VALUES (140, 103, '2025-08-17 09:00:00');
INSERT INTO AttendanceRecords (id, student_id, timestamp) VALUES (141, 104, '2025-08-17 09:00:00');
INSERT INTO AttendanceRecords (id, student_id, timestamp) VALUES (142, 105, '2025-08-17 09:00:00');
INSERT INTO AttendanceRecords (id, student_id, timestamp) VALUES (143, 106, '2025-08-17 09:00:00');
INSERT INTO AttendanceRecords (id, student_id, timestamp) VALUES (144, 101, '2025-08-15 09:00:00');
INSERT INTO AttendanceRecords (id, student_id, timestamp) VALUES (145, 102, '2025-08-15 09:00:00');
INSERT INTO AttendanceRecords (id, student_id, timestamp) VALUES (146, 103, '2025-08-15 09:00:00');
INSERT INTO AttendanceRecords (id, student_id, timestamp) VALUES (147, 104, '2025-08-15 09:00:00');
INSERT INTO AttendanceRecords (id, student_id, timestamp) VALUES (148, 105, '2025-08-15 09:00:00');
INSERT INTO AttendanceRecords (id, student_id, timestamp) VALUES (149, 106, '2025-08-15 09:00:00');
INSERT INTO AttendanceRecords (id, student_id, timestamp) VALUES (150, 101, '2025-08-14 09:00:00');
INSERT INTO AttendanceRecords (id, student_id, timestamp) VALUES (151, 102, '2025-08-14 09:00:00');
INSERT INTO AttendanceRecords (id, student_id, timestamp) VALUES (152, 103, '2025-08-14 09:00:00');
INSERT INTO AttendanceRecords (id, student_id, timestamp) VALUES (153, 104, '2025-08-14 09:00:00');
INSERT INTO AttendanceRecords (id, student_id, timestamp) VALUES (154, 105, '2025-08-14 09:00:00');
INSERT INTO AttendanceRecords (id, student_id, timestamp) VALUES (155, 106, '2025-08-14 09:00:00');
INSERT INTO AttendanceRecords (id, student_id, timestamp) VALUES (156, 101, '2025-08-13 09:00:00');
INSERT INTO AttendanceRecords (id, student_id, timestamp) VALUES (157, 102, '2025-08-13 09:00:00');
INSERT INTO AttendanceRecords (id, student_id, timestamp) VALUES (158, 103, '2025-08-13 09:00:00');
INSERT INTO AttendanceRecords (id, student_id, timestamp) VALUES (159, 104, '2025-08-13 09:00:00');
INSERT INTO AttendanceRecords (id, student_id, timestamp) VALUES (160, 105, '2025-08-13 09:00:00');
INSERT INTO AttendanceRecords (id, student_id, timestamp) VALUES (161, 106, '2025-08-13 09:00:00');
INSERT INTO AttendanceRecords (id, student_id, timestamp) VALUES (162, 101, '2025-08-12 09:00:00');
INSERT INTO AttendanceRecords (id, student_id, timestamp) VALUES (163, 102, '2025-08-12 09:00:00');
INSERT INTO AttendanceRecords (id, student_id, timestamp) VALUES (164, 103, '2025-08-12 09:00:00');
INSERT INTO AttendanceRecords (id, student_id, timestamp) VALUES (165, 104, '2025-08-12 09:00:00');
INSERT INTO AttendanceRecords (id, student_id, timestamp) VALUES (166, 105, '2025-08-12 09:00:00');
INSERT INTO AttendanceRecords (id, student_id, timestamp) VALUES (167, 106, '2025-08-12 09:00:00');
INSERT INTO AttendanceRecords (id, student_id, timestamp) VALUES (168, 101, '2025-08-11 09:00:00');
INSERT INTO AttendanceRecords (id, student_id, timestamp) VALUES (169, 102, '2025-08-11 09:00:00');
INSERT INTO AttendanceRecords (id, student_id, timestamp) VALUES (170, 103, '2025-08-11 09:00:00');
INSERT INTO AttendanceRecords (id, student_id, timestamp) VALUES (171, 104, '2025-08-11 09:00:00');
INSERT INTO AttendanceRecords (id, student_id, timestamp) VALUES (172, 105, '2025-08-11 09:00:00');
INSERT INTO AttendanceRecords (id, student_id, timestamp) VALUES (173, 106, '2025-08-11 09:00:00');
INSERT INTO AttendanceRecords (id, student_id, timestamp) VALUES (174, 101, '2025-08-10 09:00:00');
INSERT INTO AttendanceRecords (id, student_id, timestamp) VALUES (175, 102, '2025-08-10 09:00:00');
INSERT INTO AttendanceRecords (id, student_id, timestamp) VALUES (176, 103, '2025-08-10 09:00:00');
INSERT INTO AttendanceRecords (id, student_id, timestamp) VALUES (177, 104, '2025-08-10 09:00:00');
INSERT INTO AttendanceRecords (id, student_id, timestamp) VALUES (178, 105, '2025-08-10 09:00:00');
INSERT INTO AttendanceRecords (id, student_id, timestamp) VALUES (179, 106, '2025-08-10 09:00:00');
INSERT INTO AttendanceRecords (id, student_id, timestamp) VALUES (180, 101, '2025-08-08 09:00:00');
INSERT INTO AttendanceRecords (id, student_id, timestamp) VALUES (181, 102, '2025-08-08 09:00:00');
INSERT INTO AttendanceRecords (id, student_id, timestamp) VALUES (182, 103, '2025-08-08 09:00:00');
INSERT INTO AttendanceRecords (id, student_id, timestamp) VALUES (183, 104, '2025-08-08 09:00:00');
INSERT INTO AttendanceRecords (id, student_id, timestamp) VALUES (184, 105, '2025-08-08 09:00:00');
INSERT INTO AttendanceRecords (id, student_id, timestamp) VALUES (185, 106, '2025-08-08 09:00:00');
INSERT INTO AttendanceRecords (id, student_id, timestamp) VALUES (186, 101, '2025-08-07 09:00:00');
INSERT INTO AttendanceRecords (id, student_id, timestamp) VALUES (187, 102, '2025-08-07 09:00:00');
INSERT INTO AttendanceRecords (id, student_id, timestamp) VALUES (188, 103, '2025-08-07 09:00:00');
INSERT INTO AttendanceRecords (id, student_id, timestamp) VALUES (189, 104, '2025-08-07 09:00:00');
INSERT INTO AttendanceRecords (id, student_id, timestamp) VALUES (190, 105, '2025-08-07 09:00:00');
INSERT INTO AttendanceRecords (id, student_id, timestamp) VALUES (191, 106, '2025-08-07 09:00:00');
INSERT INTO AttendanceRecords (id, student_id, timestamp) VALUES (192, 101, '2025-08-06 09:00:00');
INSERT INTO AttendanceRecords (id, student_id, timestamp) VALUES (193, 102, '2025-08-06 09:00:00');
INSERT INTO AttendanceRecords (id, student_id, timestamp) VALUES (194, 103, '2025-08-06 09:00:00');
INSERT INTO AttendanceRecords (id, student_id, timestamp) VALUES (195, 104, '2025-08-06 09:00:00');
INSERT INTO AttendanceRecords (id, student_id, timestamp) VALUES (196, 105, '2025-08-06 09:00:00');
INSERT INTO AttendanceRecords (id, student_id, timestamp) VALUES (197, 106, '2025-08-06 09:00:00');
INSERT INTO AttendanceRecords (id, student_id, timestamp) VALUES (198, 101, '2025-08-05 09:00:00');
INSERT INTO AttendanceRecords (id, student_id, timestamp) VALUES (199, 102, '2025-08-05 09:00:00');
INSERT INTO AttendanceRecords (id, student_id, timestamp) VALUES (200, 103, '2025-08-05 09:00:00');
INSERT INTO AttendanceRecords (id, student_id, timestamp) VALUES (201, 104, '2025-08-05 09:00:00');
INSERT INTO AttendanceRecords (id, student_id, timestamp) VALUES (202, 105, '2025-08-05 09:00:00');
INSERT INTO AttendanceRecords (id, student_id, timestamp) VALUES (203, 106, '2025-08-05 09:00:00');
INSERT INTO AttendanceRecords (id, student_id, timestamp) VALUES (204, 106, '2025-09-16T03:23:18.754Z');
INSERT INTO AttendanceRecords (id, student_id, timestamp) VALUES (205, 105, '2025-09-16T03:23:51.712Z');
INSERT INTO AttendanceRecords (id, student_id, timestamp) VALUES (212, 104, '2025-09-16 09:00:00');
INSERT INTO AttendanceRecords (id, student_id, timestamp) VALUES (213, 101, '2025-09-15 09:00:00');
INSERT INTO AttendanceRecords (id, student_id, timestamp) VALUES (214, 102, '2025-09-15 09:00:00');
INSERT INTO AttendanceRecords (id, student_id, timestamp) VALUES (215, 103, '2025-09-15 09:00:00');
INSERT INTO AttendanceRecords (id, student_id, timestamp) VALUES (216, 104, '2025-09-15 09:00:00');
INSERT INTO AttendanceRecords (id, student_id, timestamp) VALUES (217, 105, '2025-09-15 09:00:00');
INSERT INTO AttendanceRecords (id, student_id, timestamp) VALUES (223, 101, '2025-09-16T09:50:42.701Z');
INSERT INTO AttendanceRecords (id, student_id, timestamp) VALUES (224, 102, '2025-09-16T09:51:16.252Z');
INSERT INTO AttendanceRecords (id, student_id, timestamp) VALUES (225, 103, '2025-09-16T09:52:09.865Z');
INSERT INTO Marks (id, student_id, subject, score, exam_date) VALUES (1, 101, 'Punjabi', 100, '2025-09-01');
INSERT INTO Marks (id, student_id, subject, score, exam_date) VALUES (2, 101, 'English', 98, '2025-09-02');
INSERT INTO Marks (id, student_id, subject, score, exam_date) VALUES (3, 101, 'Math', 99, '2025-09-03');
INSERT INTO Marks (id, student_id, subject, score, exam_date) VALUES (4, 101, 'Science', 91, '2025-09-04');
INSERT INTO Marks (id, student_id, subject, score, exam_date) VALUES (5, 101, 'Social Science', 94, '2025-09-05');
INSERT INTO Marks (id, student_id, subject, score, exam_date) VALUES (6, 102, 'Punjabi', 87, '2025-09-01');
INSERT INTO Marks (id, student_id, subject, score, exam_date) VALUES (7, 102, 'English', 75, '2025-09-02');
INSERT INTO Marks (id, student_id, subject, score, exam_date) VALUES (8, 102, 'Math', 90, '2025-09-03');
INSERT INTO Marks (id, student_id, subject, score, exam_date) VALUES (9, 102, 'Science', 78, '2025-09-04');
INSERT INTO Marks (id, student_id, subject, score, exam_date) VALUES (10, 102, 'Social Science', 93, '2025-09-05');
INSERT INTO Marks (id, student_id, subject, score, exam_date) VALUES (11, 103, 'Punjabi', 94, '2025-09-01');
INSERT INTO Marks (id, student_id, subject, score, exam_date) VALUES (12, 103, 'English', 98, '2025-09-02');
